Link_produk,Kilometer,Lokasi_mobil,tahun_jenis_mobil,Harga_mobil,Merek_mobil,Rating,jenis_mobil,platform
https://www.mobil123.com/dijual/suzuki-caribian-dki-jakarta-kebayoran-lama/16024064,13000 KM,DKI Jakarta,"2004 Suzuki Caribian 1.3 Pick-up - 1,3 4x4",225000000.0,Suzuki Caribian,4.8,manual,mobil123.com
https://www.mobil123.com/dijual/daihatsu-xenia-r-jawa-barat-bandung/14764383,56000 KM,Jawa Barat,"2017 Daihatsu Xenia 1.3 R MPV - 1,3 MT Unit Muluuuus Siap ...",140000000.0,Daihatsu Xenia,4.3,manual,mobil123.com
https://www.mobil123.com/dijual/toyota-avanza-veloz-jawa-barat-bandung/15006441,140000 KM,Jawa Barat,"2013 Toyota Avanza 1.5 Veloz MPV - New 1,5 MT",130000000.0,Toyota Avanza,4.5,manual,mobil123.com
https://www.mobil123.com/dijual/nissan-grand-livina-xv-jawa-timur-surabaya/16023837,125 - 130K KM,Jawa Timur,2013 Nissan Grand Livina 1.5 XV MPV,105000000.0,Nissan Grand Livina,4.5,manual,mobil123.com
https://www.mobil123.com/dijual/toyota-fortuner-g-banten-gading-serpong/16023810,110000 KM,Banten,"2015 Toyota Fortuner 2.5 G SUV - ( TDP 25jt ) 2,5 MT Hitam...",265000000.0,Toyota Fortuner,4.8,manual,mobil123.com
https://www.mobil123.com/dijual/suzuki-carry-fd-acps-jawa-tengah-semarang/15557599,15 - 20K KM,Jawa Tengah,2023 Suzuki Carry 1.5 FD ACPS Pick-up,123000000.0,Suzuki Carry,3.0,manual,mobil123.com
https://www.mobil123.com/dijual/toyota-avanza-g-jawa-tengah-semarang/15860258,100 - 105K KM,Jawa Tengah,2005 Toyota Avanza 1.3 G MPV,80000000.0,Toyota Avanza,4.5,manual,mobil123.com
https://www.mobil123.com/dijual/toyota-rush-trd-sportivo-jawa-tengah-semarang/15833964,100 - 105K KM,Jawa Tengah,2018 Toyota Rush 1.5 TRD Sportivo SUV,,Toyota Rush,4.5,manual,mobil123.com
https://www.mobil123.com/dijual/toyota-kijang-innova-v-jawa-tengah-semarang/15557570,45 - 50K KM,Jawa Tengah,2010 Toyota Kijang Innova 2.0 V MPV,145000000.0,Toyota Kijang Innova,4.7,manual,mobil123.com
https://www.mobil123.com/dijual/daihatsu-ayla-r-jawa-barat-bekasi/15815980,50 - 55K KM,Jawa Barat,2019 Daihatsu Ayla 1.2 R Hatchback - NewYearPromo DP3juta ...,113000000.0,Daihatsu Ayla,4.6,manual,mobil123.com
https://www.mobil123.com/dijual/daihatsu-ayla-r-jawa-barat-bekasi/15811785,35 - 40K KM,Jawa Barat,2018 Daihatsu Ayla 1.2 R Hatchback - DPmulai5jutaan,99000000.0,Daihatsu Ayla,4.6,manual,mobil123.com
https://www.mobil123.com/dijual/wuling-confero-s-l-lux-plus-dki-jakarta-kemayoran/16016425,20 - 25K KM,DKI Jakarta,2021 Wuling Confero 1.5 S L Lux+ Wagon - S L Lux,110000000.0,Wuling Confero,5.0,manual,mobil123.com
https://www.mobil123.com/dijual/daihatsu-sigra-r-dki-jakarta-angke/16016486,30 - 35K KM,DKI Jakarta,2023 Daihatsu Sigra 1.2 R MPV,135000000.0,Daihatsu Sigra,4.6,manual,mobil123.com
https://www.mobil123.com/dijual/toyota-rush-trd-sportivo-dki-jakarta-cakung/16023388,110000 KM,DKI Jakarta,2015 Toyota Rush 1.5 TRD Sportivo SUV - M T ( Manual ) Put...,140000000.0,Toyota Rush,4.5,manual,mobil123.com
https://www.mobil123.com/dijual/toyota-avanza-e-jawa-barat-tanah-sareal/13534717,75 - 80K KM,Jawa Barat,2017 Toyota Avanza 1.3 E MPV,130000000.0,Toyota Avanza,4.5,manual,mobil123.com
https://www.mobil123.com/dijual/daihatsu-xenia-r-ads-jawa-timur-surabaya/15818158,25 - 30K KM,Jawa Timur,2022 Daihatsu Xenia 1.3 R ADS MPV,195000000.0,Daihatsu Xenia,4.3,manual,mobil123.com
https://www.mobil123.com/dijual/isuzu-panther-ls-jawa-timur-surabaya/15846936,75 - 80K KM,Jawa Timur,2017 Isuzu Panther 2.5 LS SUV,215000000.0,Isuzu Panther,4.8,manual,mobil123.com
https://www.mobil123.com/dijual/wuling-confero-s-l-lux-plus-dki-jakarta-kelapa-gading/16022392,25 - 30K KM,DKI Jakarta,2021 Wuling Confero 1.5 S L Lux+ Wagon - S L Lux,110000000.0,Wuling Confero,5.0,manual,mobil123.com
https://www.mobil123.com/dijual/daihatsu-sigra-r-dki-jakarta-kelapa-gading/16022496,30 - 35K KM,DKI Jakarta,2023 Daihatsu Sigra 1.2 R MPV,130000000.0,Daihatsu Sigra,4.6,manual,mobil123.com
https://www.mobil123.com/dijual/toyota-avanza-e-jawa-barat-bogor/15698682,85 - 90K KM,Jawa Barat,2016 Toyota Avanza 1.3 E MPV,130000000.0,Toyota Avanza,4.5,manual,mobil123.com
https://www.mobil123.com/dijual/toyota-hilux-e-dual-cab-banten-bsd-city/15776377,95 - 100K KM,Banten,2019 Toyota Hilux 2.4 E Dual Cab Pick-up,300000000.0,Toyota Hilux,4.7,manual,mobil123.com
https://www.mobil123.com/dijual/mitsubishi-xpander-gls-kalimantan-selatan-banjarmasin-timur/16023233,85 - 90K KM,Kalimantan Selatan,2021 Mitsubishi Xpander 1.5 GLS Wagon,185000000.0,Mitsubishi Xpander,4.8,manual,mobil123.com
https://www.mobil123.com/dijual/honda-br-v-e-jawa-barat-buah-batu/15882711,55 - 60K KM,Jawa Barat,2016 Honda BR-V 1.5 E SUV - Mulus Low KM,165000000.0,Honda BR-V,4.6,manual,mobil123.com
https://www.mobil123.com/dijual/honda-mobilio-s-dki-jakarta-cilandak/16010179,35 - 40K KM,DKI Jakarta,2020 Honda Mobilio 1.5 S MPV - LOW KM - Cash Rp158jt- TERM...,148000000.0,Honda Mobilio,4.5,manual,mobil123.com
https://www.mobil123.com/dijual/honda-city-e-dki-jakarta-bintaro/15208232,70 - 75K KM,DKI Jakarta,2010 Honda City 1.5 E Sedan - Manual - LOW KM - TDP Rp17Jt...,113000000.0,Honda City,4.7,manual,mobil123.com
https://www.mobil123.com/dijual/mitsubishi-colt-jawa-timur-bululawang/14650010,1234 KM,Jawa Timur,2012 Mitsubishi Colt 3.9 Trucks - Diesel Truck BOX Bisa Kr...,175000000.0,Mitsubishi Colt,5.0,manual,mobil123.com
https://www.mobil123.com/dijual/suzuki-carry-wd-single-cab-jawa-timur-krian/15800566,140 - 145K KM,Jawa Timur,"2018 Suzuki Carry 1.5 WD Single Cab Pick-up - Bak 3Way, FU...",88000000.0,Suzuki Carry,3.0,manual,mobil123.com
https://www.mobil123.com/dijual/daihatsu-gran-max-d-jawa-timur-krian/15758559,100 - 105K KM,Jawa Timur,2018 Daihatsu Gran Max 1.5 D Van,125000000.0,Daihatsu Gran Max,5.0,manual,mobil123.com
https://www.mobil123.com/dijual/daihatsu-xenia-r-jawa-timur-wonoayu/15448667,125 - 130K KM,Jawa Timur,2016 Daihatsu Xenia 1.3 R MPV - DELUXE MT ISTIMEWA FULL OR...,128000000.0,Daihatsu Xenia,4.3,manual,mobil123.com
https://www.mobil123.com/dijual/daihatsu-taft-2-8-manual-jawa-timur-candi/15431252,225 - 230K KM,Jawa Timur,1991 Daihatsu Taft 2.8 2.8 Manual Jeep - Manual,300000000.0,Daihatsu Taft,5.0,manual,mobil123.com
https://www.mobil123.com/dijual/daihatsu-gran-max-std-single-cab-jawa-timur-surabaya/15507393,7000 KM,Jawa Timur,2021 Daihatsu Gran Max 1.5 STD Single Cab Pick-up - nonACP...,125000000.0,Daihatsu Gran Max,5.0,manual,mobil123.com
https://www.mobil123.com/dijual/daihatsu-sigra-r-jawa-timur-waru/15917749,10 - 15K KM,Jawa Timur,2024 Daihatsu Sigra 1.2 R MPV - Bisa DP 10jt saja,145000000.0,Daihatsu Sigra,4.6,manual,mobil123.com
https://www.mobil123.com/dijual/toyota-kijang-innova-v-jawa-timur-sidoarjo/15858213,90 - 95K KM,Jawa Timur,2015 Toyota Kijang Innova 2.5 V MPV - (Innova Langkah),275999999.0,Toyota Kijang Innova,4.7,manual,mobil123.com
https://www.mobil123.com/dijual/nissan-grand-livina-xv-dki-jakarta-ciracas/16022956,60 - 65K KM,DKI Jakarta,2016 Nissan Grand Livina 1.5 XV MPV,105000000.0,Nissan Grand Livina,4.5,manual,mobil123.com
https://www.mobil123.com/dijual/toyota-avanza-g-dki-jakarta-lubang-buaya/15990557,80 - 85K KM,DKI Jakarta,2014 Toyota Avanza 1.3 G MPV - Harga Cash Termurah,,Toyota Avanza,4.5,manual,mobil123.com
https://www.mobil123.com/dijual/toyota-innova-venturer-dki-jakarta-tangerang/15926238,28000 KM,DKI Jakarta,2021 Toyota Innova Venturer 2.0 Wagon - MT KM 28rb Record ...,330000000.0,Toyota Innova Venturer,4.7,manual,mobil123.com
https://www.mobil123.com/dijual/daihatsu-gran-max-std-single-cab-dki-jakarta-cengkareng/15891096,45 - 50K KM,DKI Jakarta,2021 Daihatsu Gran Max 1.3 STD Single Cab Pick-up - Dp 10 ...,100000000.0,Daihatsu Gran Max,5.0,manual,mobil123.com
https://www.mobil123.com/dijual/toyota-kijang-lx-dki-jakarta-tangerang/15878418,200000 KM,DKI Jakarta,2003 Toyota Kijang 1.8 LX MPV - Upgrade LSX Biru Metalik  ...,54000000.0,Toyota Kijang,4.7,manual,mobil123.com
https://www.mobil123.com/dijual/toyota-kijang-innova-j-dki-jakarta-tangerang/15984907,144000 KM,DKI Jakarta,"2012 Toyota Kijang Innova 2.0 J MPV - 2,0",116000000.0,Toyota Kijang Innova,4.7,manual,mobil123.com
https://www.mobil123.com/dijual/toyota-hilux-single-cab-dki-jakarta-tangerang/15654647,83000 KM,DKI Jakarta,"2019 Toyota Hilux 2.5 Single Cab Pick-up - 2,5",200000000.0,Toyota Hilux,4.7,manual,mobil123.com
https://www.mobil123.com/dijual/toyota-avanza-transmover-dki-jakarta-tangerang/15822680,70000 KM,DKI Jakarta,"2019 Toyota Avanza 1.3 Transmover MPV - 1,3 Dp 2 Jt",115000000.0,Toyota Avanza,4.5,manual,mobil123.com
https://www.mobil123.com/dijual/mitsubishi-colt-l300-standard-single-cab-jawa-timur-surabaya/16022784,150 - 155K KM,Jawa Timur,2012 Mitsubishi Colt L300 2.5 Standard Single Cab Pick-up ...,108000000.0,Mitsubishi Colt,4.5,manual,mobil123.com
https://www.mobil123.com/dijual/suzuki-jimny-dki-jakarta-bintaro/16022767,40 - 45K KM,DKI Jakarta,2020 Suzuki Jimny 1.5 Wagon,360000000.0,Suzuki Jimny,5.0,manual,mobil123.com
https://www.mobil123.com/dijual/mitsubishi-colt-jawa-timur-bululawang/15888160,1234 KM,Jawa Timur,2014 Mitsubishi Colt 3.9 Trucks - Diesel Canter SuperSpeed...,275000000.0,Mitsubishi Colt,4.7,manual,mobil123.com
https://www.mobil123.com/dijual/suzuki-ertiga-gl-jawa-timur-surabaya/15414170,65 - 70K KM,Jawa Timur,2017 Suzuki Ertiga 1.4 GL MPV - DP 16 JUTA pjk 9 25,,Suzuki Ertiga,4.5,manual,mobil123.com
https://www.mobil123.com/dijual/suzuki-ertiga-gl-jawa-barat-tanah-sareal/15310552,85 - 90K KM,Jawa Barat,2015 Suzuki Ertiga 1.4 GL MPV - Manual Siap Pakai,120000000.0,Suzuki Ertiga,4.5,manual,mobil123.com
https://www.mobil123.com/dijual/nissan-livina-x-gear-x-gear-jawa-barat-tanah-sareal/14567336,205 - 210K KM,Jawa Barat,2010 Nissan Livina X-Gear 1.5 X-Gear SUV,,Nissan Livina X-Gear,4.0,manual,mobil123.com
https://www.mobil123.com/dijual/toyota-agya-gr-sport-jawa-barat-depok/16022641,15 - 20K KM,Jawa Barat,2022 Toyota Agya 1.2 GR Sport Hatchback - Angsuran Ringan ...,131000000.0,Toyota Agya,4.8,manual,mobil123.com
https://www.mobil123.com/dijual/daihatsu-sigra-r-deluxe-dki-jakarta-mangga-besar/15992710,35 - 40K KM,DKI Jakarta,2021 Daihatsu Sigra 1.2 R Deluxe MPV - Cicilan Mobil DP Mu...,120000000.0,Daihatsu Sigra,4.6,manual,mobil123.com
https://www.mobil123.com/dijual/suzuki-ertiga-gl-jawa-timur-surabaya/16022591,90 - 95K KM,Jawa Timur,2015 Suzuki Ertiga 1.4 GL MPV - MANUAL UNIT TERAWAT,135000000.0,Suzuki Ertiga,4.5,manual,mobil123.com
https://www.mobil123.com/dijual/wuling-confero-s-l-lux-plus-jawa-timur-pare/15936886,1800 KM,Jawa Timur,2022 Wuling Confero 1.5 S L Lux+ Wagon - S L Lux Mt Low Km...,140000000.0,Wuling Confero,5.0,manual,mobil123.com
https://www.mobil123.com/dijual/suzuki-s-presso-jawa-timur-kediri/15936883,1234 KM,Jawa Timur,2023 Suzuki S-Presso 1.0 Hatchback - Mt Promo Kredit Mobil...,130000000.0,Hyundai Trajet,4.8,manual,mobil123.com
https://www.mobil123.com/dijual/hyundai-trajet-gls-jawa-timur-tarik/16002986,125 - 130K KM,Jawa Timur,2001 Hyundai Trajet 2.0 GLS MPV,39000000.0,Toyota Hilux,5.0,manual,mobil123.com
https://www.mobil123.com/dijual/toyota-hilux-g-dual-cab-jawa-timur-sidoarjo/15927967,90 - 95K KM,Jawa Timur,2020 Toyota Hilux 2.4 G Dual Cab Pick-up - Istimewa Siap P...,354000000.0,Toyota Fortuner,4.7,manual,mobil123.com
https://www.mobil123.com/dijual/toyota-fortuner-g-jawa-timur-candi/15313943,295 - 300K KM,Jawa Timur,2009 Toyota Fortuner 2.5 G SUV - Manual Istimewa Siap Paka...,195000000.0,Daihatsu Ayla,4.8,manual,mobil123.com
https://www.mobil123.com/dijual/daihatsu-ayla-r-jawa-timur-surabaya/16022581,55 - 60K KM,Jawa Timur,2017 Daihatsu Ayla 1.2 R Hatchback - MANUAL HARGA TERMURAH...,110000000.0,Toyota Kijang,4.6,manual,mobil123.com
https://www.mobil123.com/dijual/toyota-kijang-lgx-d-jawa-timur-sumbersoko/15811846,150 - 155K KM,Jawa Timur,2000 Toyota Kijang 2.4 LGX-D MPV - Mt Harga Nego Mobil Bek...,81500000.0,Honda Brio,4.7,manual,mobil123.com
https://www.mobil123.com/dijual/honda-brio-satya-e-jawa-timur-surabaya/16022577,50 - 55K KM,Jawa Timur,2020 Honda Brio 1.2 Satya E Hatchback - MANUAL WARNA FAVOR...,150000000.0,Toyota Kijang,4.9,manual,mobil123.com
https://www.mobil123.com/dijual/toyota-kijang-lgx-d-jawa-timur-krian/15811712,400000 KM,Jawa Timur,2000 Toyota Kijang 2.4 LGX-D MPV - Diesel Mt Orisinil Mobi...,92000000.0,Nissan Grand Livina,4.7,manual,mobil123.com
https://www.mobil123.com/dijual/nissan-grand-livina-xv-jawa-timur-surabaya/16022570,135 - 140K KM,Jawa Timur,2013 Nissan Grand Livina 1.5 XV MPV - MANUAL DP 9 JT TERMU...,105000000.0,Toyota Kijang Innova,4.5,manual,mobil123.com
https://www.mobil123.com/dijual/toyota-kijang-innova-g-jawa-timur-wonoayu/15992451,90 - 95K KM,Jawa Timur,"2013 Toyota Kijang Innova 2.0 G MPV - PMK 2014 BENSIN, MT ...",172000000.0,Toyota Yaris,4.7,manual,mobil123.com
https://www.mobil123.com/dijual/toyota-yaris-gr-four-dki-jakarta-pondok-indah/15688330,0 - 5K KM,DKI Jakarta,2021 Toyota Yaris 1.6 GR-Four Hatchback - Manual Transmisi...,850000000.0,Toyota Rush,4.6,manual,mobil123.com
https://www.mobil123.com/dijual/toyota-rush-s-banten-gading-serpong/16022525,106000 KM,Banten,"2008 Toyota Rush 1.5 S SUV - ( TDP 46jt ) 1,5 Hitam Kondis...",108000000.0,Daihatsu Ayla,4.5,manual,mobil123.com
https://www.mobil123.com/dijual/daihatsu-ayla-r-jawa-barat-depok/16022513,5 - 10K KM,Jawa Barat,2022 Daihatsu Ayla 1.2 R Hatchback - Angsuran Ringan,119000000.0,Daihatsu Xenia,4.6,manual,mobil123.com
https://www.mobil123.com/dijual/daihatsu-xenia-r-jawa-timur-surabaya/16007763,50 - 55K KM,Jawa Timur,2021 Daihatsu Xenia 1.3 R MPV - ISTIMEWA KREDIT DP 15 JUTA...,169000000.0,Toyota Avanza,4.3,manual,mobil123.com
https://www.mobil123.com/dijual/toyota-avanza-veloz-jawa-barat-bandung/15978161,38000 KM,Jawa Barat,2021 Toyota Avanza 1.5 Veloz MPV - MULUSS,,Suzuki Escudo,4.5,manual,mobil123.com
https://www.mobil123.com/dijual/suzuki-escudo-jlx-jawa-barat-maja/15966094,195 - 200K KM,Jawa Barat,1994 Suzuki Escudo 1.6 JLX SUV - mobil badak,49999999.0,Daihatsu Xenia,5.0,manual,mobil123.com
https://www.mobil123.com/dijual/daihatsu-xenia-d-plus-jawa-barat-bogor/15948138,200 - 205K KM,Jawa Barat,2014 Daihatsu Xenia 1.0 D PLUS MPV,95000000.0,Honda BR-V,4.3,manual,mobil123.com
https://www.mobil123.com/dijual/honda-br-v-e-jawa-barat-bandung/15894098,57000 KM,Jawa Barat,2016 Honda BR-V 1.5 E SUV - Manual Siap Langsung Pakai,,Honda BR,4.6,manual,mobil123.com
https://www.mobil123.com/dijual/mini-morris-mk-4-jawa-timur-malang-kota/15866365,35 - 40K KM,Jawa Timur,1976 MINI Morris 1.0 MK 4 Classic Cars,360000000.0,Wuling Confero,4.3,manual,mobil123.com
https://www.mobil123.com/dijual/wuling-confero-dki-jakarta-muara-karang/15777640,60 - 65K KM,DKI Jakarta,2021 Wuling Confero 1.5 Wagon,85000000.0,Suzuki Ertiga,5.0,manual,mobil123.com
https://www.mobil123.com/dijual/suzuki-ertiga-gl-jawa-barat-bandung/15122163,50000 KM,Jawa Barat,2017 Suzuki Ertiga 1.4 GL MPV - MT,150000000.0,Suzuki Ertiga,4.5,manual,mobil123.com
https://www.mobil123.com/dijual/mitsubishi-lancer-1-8-glxi-dki-jakarta-kebayoran-baru/15058843,140 - 145K KM,DKI Jakarta,2004 Mitsubishi Lancer 1.8 1.8 GLXi Sedan - GLXi,49000000.0,Suzuki Jimny,4.6,manual,mobil123.com
https://www.mobil123.com/dijual/suzuki-jimny-dki-jakarta-bintaro/15978062,40 - 45K KM,DKI Jakarta,2020 Suzuki Jimny 1.5 Wagon - Manual - LOW KM - Cash Rp380...,360000000.0,Toyota Kijang Innova,5.0,manual,mobil123.com
https://www.mobil123.com/dijual/toyota-kijang-innova-g-jawa-tengah-susukan/15988222,130 - 135K KM,Jawa Tengah,2014 Toyota Kijang Innova 2.0 G MPV - Bensin,163000000.0,Toyota Kijang,4.7,manual,mobil123.com
https://www.mobil123.com/dijual/toyota-rush-s-gr-sport-jawa-timur-puger/15938510,5 - 10K KM,Jawa Timur,2023 Toyota Rush 1.5 S GR Sport SUV,250000000.0,Toyota Rush,4.5,manual,mobil123.com
https://www.mobil123.com/dijual/toyota-innova-venturer-jawa-barat-cirebon/15936075,40 - 45K KM,Jawa Barat,2021 Toyota Innova Venturer 2.0 Wagon,350000000.0,Toyota Innova Venturer,4.7,manual,mobil123.com
https://www.mobil123.com/dijual/toyota-kijang-innova-g-jawa-barat-bandung/15315357,89000 KM,Jawa Barat,2016 Toyota Kijang Innova 2.0 G MPV,225000000.0,Toyota Kijang Innova,4.7,manual,mobil123.com
https://www.mobil123.com/dijual/bmw-318i-e36-1-8-manual-jawa-barat-bandung/16001897,178000 KM,Jawa Barat,1997 BMW 318i 1.8 E36 1.8 Manual Sedan - E36 Manual,59000000.0,BMW 318i,5.0,manual,mobil123.com
https://www.mobil123.com/dijual/daihatsu-ayla-m-jawa-barat-bandung/14376191,25000 KM,Jawa Barat,"2019 Daihatsu Ayla 1.0 M Hatchback - 1,0 Manual",99000000.0,Daihatsu Ayla,4.6,manual,mobil123.com
https://www.mobil123.com/dijual/honda-jazz-rs-jawa-barat-bandung/15936347,122000 KM,Jawa Barat,2012 Honda Jazz 1.5 RS Hatchback - MT,155000000.0,Honda Jazz,4.5,manual,mobil123.com
https://www.mobil123.com/dijual/honda-brio-e-satya-jawa-barat-arcamanik/15876666,10 - 15K KM,Jawa Barat,2022 Honda Brio 1.2 E Satya Hatchback,152000000.0,Honda Brio,4.9,manual,mobil123.com
https://www.mobil123.com/dijual/toyota-rush-trd-sportivo-jawa-barat-bandung/15964051,60 - 65K KM,Jawa Barat,2016 Toyota Rush 1.5 TRD Sportivo SUV - ISTIMEWA,179000000.0,Toyota Rush,4.5,manual,mobil123.com
https://www.mobil123.com/dijual/daihatsu-terios-extra-x-dki-jakarta-lubang-buaya/15973100,55 - 60K KM,DKI Jakarta,"2016 Daihatsu Terios 1.5 EXTRA X SUV - Low KM, Jok 3 Baris...",140000000.0,Daihatsu Terios,4.4,manual,mobil123.com
https://www.mobil123.com/dijual/nissan-livina-x-gear-x-gear-jawa-barat-jati-asih/15915095,0 - 5K KM,Jawa Barat,2014 Nissan Livina X-Gear 1.5 X-Gear SUV - Jual,95000000.0,Nissan Livina X-Gear,4.0,manual,mobil123.com
https://www.mobil123.com/dijual/toyota-yaris-g-dki-jakarta-duren-sawit/15906538,65 - 70K KM,DKI Jakarta,2014 Toyota Yaris 1.5 G Hatchback,130000000.0,Toyota Yaris,4.6,manual,mobil123.com
https://www.mobil123.com/dijual/nissan-evalia-xv-dki-jakarta-duren-sawit/15648512,245 - 250K KM,DKI Jakarta,2012 Nissan Evalia 1.5 XV MPV - Pajak Panjang TDP Minim BE...,72500000.0,Nissan Evalia,4.3,manual,mobil123.com
https://www.mobil123.com/dijual/toyota-agya-g-dki-jakarta-kota/16010677,10 - 15K KM,DKI Jakarta,2023 Toyota Agya 1.2 G Hatchback - Mobil Murah Kredit,130000000.0,Toyota Agya,4.8,manual,mobil123.com
https://www.mobil123.com/dijual/toyota-rush-trd-sportivo-jawa-barat-bandung/15954089,3000 KM,Jawa Barat,2021 Toyota Rush 1.5 TRD Sportivo SUV - Manual LIKE NEW Lo...,233000000.0,Toyota Rush,4.5,manual,mobil123.com
https://www.mobil123.com/dijual/toyota-agya-g-dki-jakarta-bendungan-hilir/16010741,10 - 15K KM,DKI Jakarta,2023 Toyota Agya 1.2 G Hatchback - Beli Mobil Bekas Murah ...,130000000.0,Toyota Agya,4.8,manual,mobil123.com
https://www.mobil123.com/dijual/toyota-avanza-g-sumatera-utara-medan/16010273,175 - 180K KM,Sumatera Utara,2010 Toyota Avanza 1.3 G MPV,103000000.0,Toyota Avanza,4.5,manual,mobil123.com
https://www.mobil123.com/dijual/daihatsu-ayla-r-jawa-barat-cinangka/16009776,50 - 55K KM,Jawa Barat,2019 Daihatsu Ayla 1.2 R Hatchback - MT (PROMO DP RENDAH A...,115000000.0,Daihatsu Ayla,4.6,manual,mobil123.com
https://www.mobil123.com/dijual/toyota-avanza-e-dki-jakarta-pasar-minggu/15942680,115 - 120K KM,DKI Jakarta,2019 Toyota Avanza 1.3 E MPV,140000000.0,Toyota Avanza,4.5,manual,mobil123.com
https://www.mobil123.com/dijual/daihatsu-rocky-x-jawa-timur-sukolilo/15941273,55 - 60K KM,Jawa Timur,2021 Daihatsu Rocky 1.2 X Wagon - ( Pmk 2022 ),165000000.0,Daihatsu Rocky,4.6,manual,mobil123.com
https://www.mobil123.com/dijual/suzuki-ignis-gx-dki-jakarta-cawang/12261196?carsome=true,25 - 30K KM,DKI Jakarta,2021 Suzuki Ignis 1.2 GX Hatchback,136000000.0,Suzuki Ignis,4.8,manual,mobil123.com
https://www.mobil123.com/dijual/honda-brio-rs-dki-jakarta-mangga-besar/16006405,20 - 25K KM,DKI Jakarta,2022 Honda Brio 1.2 RS Hatchback - Cicilan Mobil DP Murah ...,154000000.0,Honda Brio,4.9,manual,mobil123.com
https://www.mobil123.com/dijual/honda-brio-satya-e-jawa-tengah-semarang/15833476,60 - 65K KM,Jawa Tengah,2014 Honda Brio 1.2 Satya E Hatchback,155000000.0,Honda Brio,4.9,manual,mobil123.com
https://www.mobil123.com/dijual/mercedes-benz-300e-dki-jakarta-kebayoran-lama/15816606,210 - 215K KM,DKI Jakarta,1990 Mercedes-Benz 300E 3.0 Sedan,47000000.0,Mercedes-Benz 300E,5.0,manual,mobil123.com
https://www.mobil123.com/dijual/honda-brio-s-satya-jawa-timur-kertajaya-indah/15857369,35 - 40K KM,Jawa Timur,2023 Honda Brio 1.2 S Satya Hatchback,155000000.0,Honda Brio,4.9,manual,mobil123.com
https://www.mobil123.com/dijual/mitsubishi-xpander-gls-jawa-barat-kiaracondong/15201446,67000 KM,Jawa Barat,"2021 Mitsubishi Xpander 1.5 GLS Wagon - 1,5 Manual",167000000.0,Mitsubishi Xpander,4.8,manual,mobil123.com
https://www.mobil123.com/dijual/bmw-x1-sdrive18i-xline-dki-jakarta-kelapa-gading/16024076,10 - 15K KM,DKI Jakarta,2019 BMW X1 1.5 sDrive18i xLine SUV,385000000.0,BMW X1,4.9,automatic,mobil123.com
https://www.mobil123.com/dijual/honda-br-v-e-prestige-dki-jakarta-kembangan/16024072,75 - 80K KM,DKI Jakarta,2017 Honda BR-V 1.5 E Prestige SUV,169000000.0,Honda BR-V,5.0,automatic,mobil123.com
https://www.mobil123.com/dijual/honda-cr-v-prestige-vtec-jawa-barat-taman-galaxi/15686612,60000 KM,Jawa Barat,2019 Honda CR-V 1.5 Prestige VTEC SUV,359000000.0,Honda CR-V,4.6,automatic,mobil123.com
https://www.mobil123.com/dijual/honda-br-v-e-banten-gading-serpong/16024063,30000 KM,Banten,"2019 Honda BR-V 1.5 E SUV - ( TDP 25jt ) 1,5 AT Hitam Meta...",185000000.0,Honda BR-V,4.6,automatic,mobil123.com
https://www.mobil123.com/dijual/honda-hr-v-e-special-edition-dki-jakarta-kelapa-gading/15707285,65 - 70K KM,DKI Jakarta,2021 Honda HR-V 1.5 E Special Edition SUV,235000000.0,Honda HR-V,4.6,automatic,mobil123.com
https://www.mobil123.com/dijual/nissan-x-trail-dki-jakarta-rawamangun/16024059,25 - 30K KM,DKI Jakarta,2017 Nissan X-Trail 2.5 SUV - Like New Low Km 30Rb Service...,189000000.0,Nissan X-Trail,4.4,automatic,mobil123.com
https://www.mobil123.com/dijual/honda-hr-v-se-banten-gading-serpong/16024060,10000 KM,Banten,"2023 Honda HR-V 1.5 SE SUV - ( TDP 60jt ) 1,5 AT Coklat Ko...",350000000.0,Honda HR-V,4.5,automatic,mobil123.com
https://www.mobil123.com/dijual/mercedes-benz-e250-avantgarde-dki-jakarta-cempaka-putih/16024056,20 - 25K KM,DKI Jakarta,2015 Mercedes-Benz E250 2.0 Avantgarde Sedan - W212 Faceli...,339000000.0,Mercedes-Benz E250,4.4,automatic,mobil123.com
https://www.mobil123.com/dijual/mercedes-benz-e250-avantgarde-dki-jakarta-menteng/16024057,20 - 25K KM,DKI Jakarta,2015 Mercedes-Benz E250 2.0 Avantgarde Sedan - W212 Faceli...,339000000.0,Mercedes-Benz E250,4.5,automatic,mobil123.com
https://www.mobil123.com/dijual/mercedes-benz-e250-avantgarde-dki-jakarta-senen/16024058,20 - 25K KM,DKI Jakarta,2015 Mercedes-Benz E250 2.0 Avantgarde Sedan - W212 Faceli...,339000000.0,Mercedes-Benz E250,4.5,automatic,mobil123.com
https://www.mobil123.com/dijual/mercedes-benz-e250-avantgarde-dki-jakarta-cempaka-putih/16024055,25 - 30K KM,DKI Jakarta,2015 Mercedes-Benz E250 2.0 Avantgarde Sedan - W212 Faceli...,339000000.0,Mercedes-Benz E250,4.5,automatic,mobil123.com
https://www.mobil123.com/dijual/mazda-biante-2-0-skyactiv-a-t-dki-jakarta-kelapa-gading/16024052,80 - 85K KM,DKI Jakarta,2017 Mazda Biante 2.0 2.0 SKYACTIV A/T MPV - SKYACTIV A T ...,168000000.0,Mazda Biante,4.5,automatic,mobil123.com
https://www.mobil123.com/dijual/mitsubishi-pajero-sport-dakar-dki-jakarta-percetakan-negara/16024046,40 - 45K KM,DKI Jakarta,2020 Mitsubishi Pajero Sport 2.4 Dakar SUV - NIK 2019 LOW ...,399000000.0,Mitsubishi Pajero Sport,4.8,automatic,mobil123.com
https://www.mobil123.com/dijual/toyota-voxy-banten-gading-serpong/16024048,50000 KM,Banten,"2018 Toyota Voxy 2.0 Wagon - ( TDP 20jt ) 2,0 Base Spec AT...",335000000.0,Toyota Voxy,4.8,automatic,mobil123.com
https://www.mobil123.com/dijual/mercedes-benz-cla45-amg-s-4matic-plus-dki-jakarta-fatmawati/15834861,5 - 10K KM,DKI Jakarta,2022 Mercedes-Benz CLA45 AMG 2.0 S 4MATiC+ Wagon - S 4MATi...,1450000000.0,Mercedes-Benz,5.0,automatic,mobil123.com
https://www.mobil123.com/dijual/toyota-land-cruiser-gr-s-70th-anniversary-dki-jakarta-cipete/15564203,15 - 20K KM,DKI Jakarta,2023 Toyota Land Cruiser 3.3 GR-S 70th Anniversary SUV,2375000000.0,Toyota Land Cruiser,4.8,automatic,mobil123.com
https://www.mobil123.com/dijual/bmw-x5-xdrive40i-xline-dki-jakarta-fatmawati/15801642,50 - 55K KM,DKI Jakarta,2020 BMW X5 3.0 xDrive40i xLine SUV,950000000.0,BMW X5,4.5,automatic,mobil123.com
https://www.mobil123.com/dijual/jaguar-f-pace-r-sport-dki-jakarta-cipete/15254217,20 - 25K KM,DKI Jakarta,2017 Jaguar F-Pace 3.0 R-Sport SUV,799000000.0,Jaguar F-Pace,5.0,automatic,mobil123.com
https://www.mobil123.com/dijual/toyota-kijang-innova-g-banten-gading-serpong/16024042,110000 KM,Banten,"2014 Toyota Kijang Innova 2.5 G MPV - ( TDP 40jt ) 2,5 AT ...",225000000.0,Toyota Kijang Innova,5.0,automatic,mobil123.com
https://www.mobil123.com/dijual/toyota-raize-gr-sport-dki-jakarta-cilincing/16024028,15 - 20K KM,DKI Jakarta,2022 Toyota Raize 1.0 GR Sport Wagon - Non TSS Like New Lo...,208000000.0,Toyota Raize,4.7,automatic,mobil123.com
https://www.mobil123.com/dijual/suzuki-grand-vitara-gx-mhev-banten-gading-serpong/16024032,10000 KM,Banten,"2023 Suzuki Grand Vitara 1.5 GX MHEV SUV - ( TDP 90jt ) 1,...",315000000.0,Suzuki Grand Vitara,4.6,automatic,mobil123.com
https://www.mobil123.com/dijual/honda-cr-v-prestige-vtec-jawa-barat-bandung/15391959,38000 KM,Jawa Barat,"2021 Honda CR-V 1.5 Prestige VTEC SUV - 1,5 Sensing unit l...",492000000.0,Honda CR-V,4.7,automatic,mobil123.com
https://www.mobil123.com/dijual/honda-civic-es-jawa-barat-bkr-ramdhan/15968539,85 - 90K KM,Jawa Barat,"2016 Honda Civic 1.5 ES Sedan - unit langka, mulus siap pa...",303000000.0,Honda Civic,4.6,automatic,mobil123.com
https://www.mobil123.com/dijual/honda-brio-satya-e-jawa-barat-bandung/15825618,55 - 60K KM,Jawa Barat,2018 Honda Brio 1.2 Satya E Hatchback - pemakaian 2019,140000000.0,Honda Brio,4.6,automatic,mobil123.com
https://www.mobil123.com/dijual/honda-hr-v-se-jawa-barat-bandung/16022359,0 - 5K KM,Jawa Barat,2022 Honda HR-V 1.5 SE SUV - Km 5000 perak jarang dipakai ...,340000000.0,Honda HR-V,4.9,automatic,mobil123.com
https://www.mobil123.com/dijual/honda-hr-v-se-jawa-barat-bandung/16022359,0 - 5K KM,Jawa Barat,2022 Honda HR-V 1.5 SE SUV - Km 5000 perak jarang dipakai ...,340000000.0,Honda HR-V,4.4,automatic,mobil123.com
https://www.mobil123.com/dijual/toyota-yaris-trd-sportivo-jawa-barat-bandung/16024017,70 - 75K KM,Jawa Barat,2014 Toyota Yaris 1.5 TRD Sportivo Hatchback - mulus siap ...,153000000.0,Toyota Yaris,4.6,automatic,mobil123.com
https://www.mobil123.com/dijual/toyota-kijang-innova-zenix-q-hv-tss-modellista-banten-gading-serpong/16024014,30000 KM,Banten,2023 Toyota Kijang Innova Zenix 2.0 Q HV TSS Modellista Wa...,535000000.0,Toyota Kijang Innova,4.8,automatic,mobil123.com
https://www.mobil123.com/dijual/lexus-rx270-rx270-dki-jakarta-grogol/16024007,100 - 105K KM,DKI Jakarta,2014 Lexus RX270 2.7 RX270 SUV - AT ATPM,320000000.0,Lexus RX270,5.0,automatic,mobil123.com
https://www.mobil123.com/dijual/toyota-vellfire-zg-dki-jakarta-mangga-besar/16023961,135000 KM,DKI Jakarta,2012 Toyota Vellfire 2.4 ZG Van Wagon - Nyari pembeli seri...,265000000.0,Toyota Vellfire,5.0,automatic,mobil123.com
https://www.mobil123.com/dijual/honda-hr-v-prestige-dki-jakarta-grogol/16023951,85 - 90K KM,DKI Jakarta,2018 Honda HR-V 1.8 Prestige SUV,223000000.0,Honda HR-V,4.4,automatic,mobil123.com
https://www.mobil123.com/dijual/bmw-x1-sdrive18i-xline-dki-jakarta-kelapa-gading/15740261,60 - 65K KM,DKI Jakarta,2017 BMW X1 1.5 sDrive18i xLine SUV - TDP 10 JUTA SAJAH   ...,315000000.0,BMW X1,5.0,automatic,mobil123.com
https://www.mobil123.com/dijual/toyota-vellfire-g-jawa-barat-bintaro-jaya-sektor-7/15740253,75 - 80K KM,Jawa Barat,2019 Toyota Vellfire 2.5 G Van Wagon,845000000.0,Toyota Vellfire,5.0,automatic,mobil123.com
https://www.mobil123.com/dijual/toyota-kijang-innova-v-luxury-dki-jakarta-senen/15740183,100 - 105K KM,DKI Jakarta,2014 Toyota Kijang Innova 2.0 V Luxury MPV,165000000.0,Toyota Kijang Innova,4.7,automatic,mobil123.com
https://www.mobil123.com/dijual/toyota-yaris-g-dki-jakarta-dewi-sartika/15740095,90 - 95K KM,DKI Jakarta,2014 Toyota Yaris 1.5 G Hatchback,130000000.0,Toyota Yaris,4.6,automatic,mobil123.com
https://www.mobil123.com/dijual/mercedes-benz-c250-cgi-banten-karawaci/15727034,85 - 90K KM,Banten,2012 Mercedes-Benz C250 1.8 CGI Sedan,240000000.0,Mercedes-Benz C250,5.0,automatic,mobil123.com
https://www.mobil123.com/dijual/toyota-vellfire-zg-dki-jakarta-mangga-besar/16023961,135000 KM,DKI Jakarta,2012 Toyota Vellfire 2.4 ZG Van Wagon - Nyari pembeli seri...,265000000.0,Toyota Vellfire,5.0,automatic,mobil123.com
https://www.mobil123.com/dijual/honda-hr-v-prestige-dki-jakarta-grogol/16023951,85 - 90K KM,DKI Jakarta,2018 Honda HR-V 1.8 Prestige SUV,223000000.0,Honda HR-V,4.4,automatic,mobil123.com
https://www.mobil123.com/dijual/bmw-x1-sdrive18i-xline-dki-jakarta-kelapa-gading/15740261,60 - 65K KM,DKI Jakarta,2017 BMW X1 1.5 sDrive18i xLine SUV - TDP 10 JUTA SAJAH   ...,315000000.0,BMW X1,5.0,automatic,mobil123.com
https://www.mobil123.com/dijual/toyota-vellfire-g-jawa-barat-bintaro-jaya-sektor-7/15740253,75 - 80K KM,Jawa Barat,2019 Toyota Vellfire 2.5 G Van Wagon,845000000.0,Toyota Vellfire,5.0,automatic,mobil123.com
https://www.mobil123.com/dijual/toyota-kijang-innova-v-luxury-dki-jakarta-senen/15740183,100 - 105K KM,DKI Jakarta,2014 Toyota Kijang Innova 2.0 V Luxury MPV,165000000.0,Toyota Kijang Innova,4.7,automatic,mobil123.com
https://www.mobil123.com/dijual/toyota-yaris-g-dki-jakarta-dewi-sartika/15740095,90 - 95K KM,DKI Jakarta,2014 Toyota Yaris 1.5 G Hatchback,130000000.0,Toyota Yaris,4.6,automatic,mobil123.com
https://www.mobil123.com/dijual/mercedes-benz-c250-cgi-banten-karawaci/15727034,85 - 90K KM,Banten,2012 Mercedes-Benz C250 1.8 CGI Sedan,240000000.0,Mercedes-Benz C250,5.0,automatic,mobil123.com
https://www.mobil123.com/dijual/honda-brio-rs-dki-jakarta-daan-mogot/15726999,40 - 45K KM,DKI Jakarta,2020 Honda Brio 1.2 RS Hatchback,165000000.0,Honda Brio,4.9,automatic,mobil123.com
https://www.mobil123.com/dijual/honda-accord-vti-l-dki-jakarta-sunter/15726928,100 - 105K KM,DKI Jakarta,2015 Honda Accord 2.4 VTi-L Sedan,210000000.0,Honda Accord,5.0,automatic,mobil123.com
https://www.mobil123.com/dijual/toyota-alphard-g-dki-jakarta-pantai-mutiara/15726975,40 - 45K KM,DKI Jakarta,2019 Toyota Alphard 2.5 G Van Wagon,780000000.0,Toyota Alphard,5.0,automatic,mobil123.com
https://www.mobil123.com/dijual/mitsubishi-pajero-sport-dakar-dki-jakarta-halim-perdana-kusuma/15783027,80 - 85K KM,DKI Jakarta,2014 Mitsubishi Pajero Sport 2.5 Dakar SUV,255000000.0,Mitsubishi Pajero Sport,4.8,automatic,mobil123.com
https://www.mobil123.com/dijual/hyundai-creta-prime-banten-gading-serpong/16023923,20 - 25K KM,Banten,2023 Hyundai Creta 1.5 Prime Wagon,285000000.0,,5.0,automatic,mobil123.com
https://www.mobil123.com/dijual/nissan-serena-highway-star-banten-gading-serpong/16023921,100 - 105K KM,Banten,2009 Nissan Serena 2.0 Highway Star MPV,78000000.0,Nissan Serena,4.6,automatic,mobil123.com
https://www.mobil123.com/dijual/daihatsu-ayla-x-dki-jakarta-mangga-dua/16020721,150000 KM,DKI Jakarta,2013 Daihatsu Ayla 1.0 X Hatchback - Tangan pertama AT Put...,80000000.0,Daihatsu Ayla,4.6,automatic,mobil123.com
https://www.mobil123.com/dijual/mazda-cx-5-grand-touring-dki-jakarta-kopi-tiang-bendera-roa-malaka/16023911,80 - 85K KM,DKI Jakarta,2015 Mazda CX-5 2.5 Grand Touring SUV - . Cx5 GT (Service ...,218000000.0,Mazda CX-5,4.8,automatic,mobil123.com
https://www.mobil123.com/dijual/toyota-yaris-e-banten-bintaro/16023901,105 - 110K KM,Banten,2011 Toyota Yaris 1.5 E Hatchback,108000000.0,Toyota Yaris,4.6,automatic,mobil123.com
https://www.mobil123.com/dijual/mazda-2-gt-dki-jakarta-pancoran/15738851,38000 KM,DKI Jakarta,2021 Mazda 2 1.5 GT Hatchback - Skyactiv,236000000.0,Mazda 2,4.5,automatic,mobil123.com
https://www.mobil123.com/dijual/honda-cr-v-prestige-vtec-dki-jakarta-simprug/16023886,85 - 90K KM,DKI Jakarta,2019 Honda CR-V 1.5 Prestige VTEC SUV - . CRV Prestige Tur...,330000000.0,Honda CR-V,4.6,automatic,mobil123.com
https://www.mobil123.com/dijual/toyota-raize-gr-sport-dki-jakarta-kebayoran-baru/16023871,10 - 15K KM,DKI Jakarta,2021 Toyota Raize 1.0 GR Sport Wagon - KM SUPER LOW - LOW ...,200000000.0,Honda HR-V ,4.6,automatic,mobil123.com
https://www.mobil123.com/dijual/honda-hr-v-se-dki-jakarta-pondok-pinang/16023865,50 - 55K KM,DKI Jakarta,2022 Honda HR-V 1.5 SE SUV - . HRV (rvice Record),289000000.0,Honda HR-V,4.4,automatic,mobil123.com
https://www.mobil123.com/dijual/toyota-calya-g-jawa-timur-surabaya/16023863,45 - 50K KM,Jawa Timur,2019 Toyota Calya 1.2 G MPV,133000000.0,Toyota Calya,4.7,automatic,mobil123.com
https://www.mobil123.com/dijual/toyota-fortuner-vrz-dki-jakarta-kelapa-gading/16023848,55 - 60K KM,DKI Jakarta,2022 Toyota Fortuner 2.4 VRZ SUV,415000000.0,Toyota Fortuner,4.8,automatic,mobil123.com
https://www.mobil123.com/dijual/toyota-veloz-q-jawa-barat-cinere/16000111,10 - 15K KM,Jawa Barat,2023 Toyota Veloz 1.5 Q Wagon - CVT AT Non TSS Camera360 S...,245000000.0,,4.8,automatic,mobil123.com
https://www.mobil123.com/dijual/toyota-fortuner-g-luxury-dki-jakarta-cipinang/16023839,120 - 125K KM,DKI Jakarta,2008 Toyota Fortuner 2.7 G Luxury SUV - LOW KM BANGET - Td...,150000000.0,Toyota Fortuner,4.8,automatic,mobil123.com
https://www.mobil123.com/dijual/mazda-cx-5-gt-jawa-barat-bekasi-barat/16004273,55 - 60K KM,Jawa Barat,2021 Mazda CX-5 2.5 GT SUV - New Improvement Facelift Came...,359000000.0,Mazda CX-5,4.8,automatic,mobil123.com
https://www.mobil123.com/dijual/mitsubishi-xpander-cross-premium-package-dki-jakarta-kelapa-gading/16023830,30 - 35K KM,DKI Jakarta,2020 Mitsubishi Xpander 1.5 CROSS Premium Package Wagon   ...,212000000.0,Mitsubishi Xpander,4.8,automatic,mobil123.com
https://www.mobil123.com/dijual/lexus-ux200-f-sport-banten-pondok-aren/16013066,60 - 65K KM,Banten,2019 Lexus UX200 2.0 F Sport Hatchback - AT Hitam Metalik ...,397000000.0,,5.0,automatic,mobil123.com
https://www.mobil123.com/dijual/kia-grand-sedona-ultimate-dki-jakarta-duren-sawit/16023817,85 - 90K KM,DKI Jakarta,2018 KIA Grand Sedona 3.3 Ultimate MPV,260000000.0,KIA Grand Sedona,5.0,automatic,mobil123.com
https://www.mobil123.com/dijual/mitsubishi-xpander-sport-jawa-timur-surabaya/16023812,60 - 65K KM,Jawa Timur,2019 Mitsubishi Xpander 1.5 SPORT Wagon,210000000.0,Mitsubishi Xpander,4.8,automatic,mobil123.com
https://www.mobil123.com/dijual/hyundai-creta-prime-jawa-barat-sukmajaya/16013314,15 - 20K KM,Jawa Barat,2023 Hyundai Creta 1.5 Prime Wagon - AT Abu Sunroof Blueli...,305000000.0,,4.6,automatic,mobil123.com
https://www.mobil123.com/dijual/honda-city-rs-honda-sensing-dki-jakarta-gunung-sahari/16023807,20 - 25K KM,DKI Jakarta,2022 Honda City 1.5 RS Honda Sensing Hatchback - RS Sensin...,243000000.0,Honda City,4.7,automatic,mobil123.com
https://www.mobil123.com/dijual/toyota-kijang-innova-g-banten-pondok-aren/16015538,75 - 80K KM,Banten,2013 Toyota Kijang Innova 2.5 G MPV - Diesel AT Silver 201...,217000000.0,Toyota Kijang Innova,4.7,automatic,mobil123.com
https://www.mobil123.com/dijual/honda-cr-v-i-vtec-dki-jakarta-duren-sawit/16015714,55 - 60K KM,DKI Jakarta,2018 Honda CR-V 2.0 i-VTEC SUV - CVT CKD AT Merah Metalik ...,274000000.0,Honda CR-V,4.6,automatic,mobil123.com
https://www.mobil123.com/dijual/honda-mobilio-rs-limited-edition-jawa-timur-surabaya/16023793,75 - 80K KM,Jawa Timur,2016 Honda Mobilio 1.5 RS Limited Edition MPV,168000000.0,Honda Mobilio,4.5,automatic,mobil123.com
https://www.mobil123.com/dijual/honda-hr-v-prestige-banten-gading-serpong/16023790,50000 KM,Banten,"2016 Honda HR-V 1.8 Prestige SUV - ( TDP 55jt ) 1,8 AT Put...",225000000.0,Honda HR-V,4.4,automatic,mobil123.com
https://www.mobil123.com/dijual/daihatsu-ayla-r-banten-bsd/16003003,35 - 40K KM,Banten,2018 Daihatsu Ayla 1.2 R Hatchback - PROMO DP DAN CICILAN ...,111000000.0,Daihatsu Ayla,4.6,automatic,mobil123.com
https://www.mobil123.com/dijual/mg-zs-ignite-dki-jakarta-cengkareng/14991728,30 - 35K KM,DKI Jakarta,2020 MG ZS 1.5 Ignite Wagon - Lux Pemakaian 2021 Low KM 37...,175000000.0,MG ZS ,4.7,automatic,mobil123.com
https://www.mobil123.com/dijual/chevrolet-trailblazer-ltz-banten-gading-serpong/16023767,60000 KM,Banten,"2017 Chevrolet Trailblazer 2.5 LTZ SUV - ( TDP 35jt ) 2,5 ...",270000000.0,Chevrolet Trailblazer,5.0,automatic,mobil123.com
https://www.mobil123.com/dijual/honda-hr-v-e-jawa-timur-surabaya/16023760,85 - 90K KM,Jawa Timur,2015 Honda HR-V 1.5 E SUV - KREDIT DP 20,185000000.0,Honda HR-V,4.4,automatic,mobil123.com
https://www.mobil123.com/dijual/toyota-fortuner-vrz-dki-jakarta-mangga-dua/16023749,55 - 60K KM,DKI Jakarta,2017 Toyota Fortuner 2.4 VRZ SUV - Diesel AT Hitam 2018 LO...,345000000.0,Toyota Fortuner,4.8,automatic,mobil123.com
https://www.mobil123.com/dijual/toyota-fortuner-vrz-dki-jakarta-kebayoran-lama/16023751,55 - 60K KM,DKI Jakarta,2017 Toyota Fortuner 2.4 VRZ SUV - Diesel AT Hitam 2018 LO...,345000000.0,Toyota Fortuner,4.8,automatic,mobil123.com
https://www.mobil123.com/dijual/toyota-kijang-innova-g-jawa-tengah-semarang/15801515,65 - 70K KM,Jawa Tengah,2021 Toyota Kijang Innova 2.0 G MPV,285000000.0,Toyota Kijang Innova,4.7,automatic,mobil123.com
https://www.mobil123.com/dijual/honda-hr-v-prestige-jawa-tengah-semarang/15986738,100 - 105K KM,Jawa Tengah,2017 Honda HR-V 1.8 Prestige SUV,245000000.0,Honda HR-V,4.4,automatic,mobil123.com
https://www.mobil123.com/dijual/toyota-yaris-trd-sportivo-jawa-tengah-semarang/15742934,150 - 155K KM,Jawa Tengah,2012 Toyota Yaris 1.5 TRD Sportivo Hatchback,145000000.0,Toyota Yaris,4.6,automatic,mobil123.com
https://www.mobil123.com/dijual/toyota-fortuner-vrz-dki-jakarta-kebayoran-lama/16023751,55 - 60K KM,DKI Jakarta,2017 Toyota Fortuner 2.4 VRZ SUV - Diesel AT Hitam 2018 LO...,345000000.0,Toyota Fortuner,4.8,automatic,mobil123.com
https://www.mobil123.com/dijual/toyota-kijang-innova-g-jawa-tengah-semarang/15801515,65 - 70K KM,Jawa Tengah,2021 Toyota Kijang Innova 2.0 G MPV,285000000.0,Toyota Kijang Innova,4.7,automatic,mobil123.com
https://www.mobil123.com/dijual/honda-hr-v-prestige-jawa-tengah-semarang/15986738,100 - 105K KM,Jawa Tengah,2017 Honda HR-V 1.8 Prestige SUV,245000000.0,Honda HR-V,4.4,automatic,mobil123.com
https://www.mobil123.com/dijual/toyota-yaris-trd-sportivo-jawa-tengah-semarang/15742934,150 - 155K KM,Jawa Tengah,2012 Toyota Yaris 1.5 TRD Sportivo Hatchback,145000000.0,Toyota Yaris,4.6,automatic,mobil123.com
https://www.mobil123.com/dijual/daihatsu-sirion-x-dki-jakarta-kuningan/16023743,15 - 20K KM,DKI Jakarta,2022 Daihatsu Sirion 1.3 X Hatchback - Cicilan Mobil DP Mu...,166000000.0,Daihatsu Sirion,5.0,automatic,mobil123.com
https://www.mobil123.com/dijual/daihatsu-sirion-x-dki-jakarta-tanah-abang/16023738,15 - 20K KM,DKI Jakarta,2022 Daihatsu Sirion 1.3 X Hatchback - Beli Mobil Bekas Mu...,166000000.0,Daihatsu Sirion,5.0,automatic,mobil123.com
https://www.mobil123.com/dijual/wuling-almaz-rs-pro-jawa-tengah-semarang/15827572,45 - 50K KM,Jawa Tengah,2021 Wuling Almaz 1.5 RS Pro Wagon,199000000.0,Wuling Almaz,4.9,automatic,mobil123.com
https://www.mobil123.com/dijual/honda-city-rs-dki-jakarta-thamrin/16023723,15 - 20K KM,DKI Jakarta,2024 Honda City 1.5 RS Hatchback - NIK 2023 Like New Condi...,249000000.0,Honda City,4.7,automatic,mobil123.com
https://www.mobil123.com/dijual/toyota-kijang-innova-v-jawa-tengah-semarang/15795180,105 - 110K KM,Jawa Tengah,2017 Toyota Kijang Innova 2.0 V MPV,260000000.0,Toyota Kijang Innova,4.7,automatic,mobil123.com
https://www.mobil123.com/dijual/hyundai-creta-prime-jawa-tengah-semarang/15209630,50 - 55K KM,Jawa Tengah,2022 Hyundai Creta 1.5 Prime Wagon,299000000.0,Hyundai Creta ,4.4,automatic,mobil123.com
https://www.mobil123.com/dijual/mitsubishi-xpander-exceed-jawa-tengah-semarang/15895613,155 - 160K KM,Jawa Tengah,2020 Mitsubishi Xpander 1.5 EXCEED Wagon,200000000.0,Mitsubishi Xpander,4.8,automatic,mobil123.com
https://www.mobil123.com/dijual/mazda-mx-5-dki-jakarta-ciracas/16023731,50 - 55K KM,DKI Jakarta,2012 Mazda MX-5 2.0 Convertible,385000000.0,Mazda MX-5,5.0,automatic,mobil123.com
https://www.mobil123.com/dijual/mitsubishi-xpander-cross-premium-package-dki-jakarta-mangga-dua/16020734,25 - 30K KM,DKI Jakarta,2021 Mitsubishi Xpander 1.5 CROSS Premium Package Wagon,225000000.0,Mitsubishi Xpander,4.8,automatic,mobil123.com
